q1,q2,q3,q4,q5,q6,q7,llm_diagnosis
60,lumps deep pain,yes,its was not ok,medium,dont know,tell me the status of my cancer,"Based on the patient's responses, here is a summary of their risk and recommended next steps:

**Risk Assessment:**
The patient is 60 years old with a family history of breast cancer, which is a significant risk factor. They are experiencing symptoms of lumps and deep pain in their breasts, which could be indicative of breast cancer. Additionally, their breast density is medium, which is a moderate risk factor. The patient's previous biopsy or mammogram results were not normal, which suggests that there may be an underlying issue that needs to be explored further.

**Comparison with Similar Cases:**
While the patient's age and symptoms are not an exact match with any of the similar cases, their family history and previous abnormal biopsy or mammogram results are concerning. The patient's medium breast density and symptoms of lumps and pain are more similar to the 45-year-old patient who had no cancer, but the presence of a family history and previous abnormal results increases the patient's risk.

**Recommended Next Steps:**
Based on the patient's risk factors and symptoms, I recommend that they undergo further diagnostic testing, including:

1. A follow-up mammogram to confirm the previous abnormal results and assess for any changes.
2. An ultrasound or MRI to further evaluate the lumps and pain in the breast.
3. A biopsy to obtain a tissue sample for further examination.
4. A discussion with a breast specialist or oncologist to determine the best course of treatment.

The patient should also be aware of the importance of knowing their hormone receptor status (ER, PR, HER2) to guide treatment decisions. We can also discuss genetic testing for BRCA1 and BR2 genes if the patient is interested.

It is essential for the patient to be proactive and take control of their breast health, and I will work with them to ensure that they receive the necessary care and support."
60,lumps deep pain,yes,its was not ok,medium,dont know,tell me the status of my cancer,"Based on the patient's responses and comparing them with the similar past cases, here is a summary of the patient's risk and recommendations:

**Summary of Risk:**
The patient is 60 years old with a family history of breast cancer, which is a significant risk factor. She is experiencing symptoms of lumps and deep pain in her breasts, which are indicative of a possible breast cancer. Her breast density is medium, which is a neutral factor as some cases with medium density have been cancerous and some have not. The patient has had a previous biopsy or mammogram with unclear results, indicating a need for further evaluation.

**Comparison with Similar Cases:**
While the patient's age and family history are similar to some of the cases with breast cancer, her symptoms of lumps and deep pain are more aligned with the case of the 45-year-old woman who had a lump and pain but was found to have no cancer. However, the patient's age and family history increase her overall risk.

**Recommendations:**
Based on the patient's risk factors and symptoms, I recommend the following next steps:

1. **Mammogram and Ultrasound:** A comprehensive mammogram and ultrasound should be performed to further evaluate the lump and pain in the patient's breasts.
2. **Biopsy:** If the mammogram and ultrasound results are abnormal, a biopsy should be conducted to determine if there is any cancerous tissue.
3. **Hormone Receptor Status Testing:** As the patient's hormone receptor status is unknown, testing for ER, PR, and HER2 should be conducted to help guide treatment decisions if cancer is found.
4. **Genetic Counseling:** Given the patient's family history of breast cancer, genetic counseling may be beneficial to discuss the potential risks and benefits of genetic testing for BRCA1 and BRCA2 genes.
5. **Follow-up Appointment:** The patient should schedule a follow-up appointment with her healthcare provider to discuss the results of the mammogram, ultrasound, and biopsy, and to develop a plan for any further treatment or surveillance.

By undergoing these tests and evaluations, we can work towards determining the status of the patient's cancer and developing an appropriate treatment plan."
60,lumps deep pain,yes,its was not ok,medium,dont know,tell me the status of my cancer,"Based on the patient's responses, here is a summary of their risk and recommended next steps:

**Patient Profile:**
- Age: 60
- Symptoms: Lumps and deep pain
- Family History: Yes
- Density: Medium
- Previous Biopsy or Mammogram Result: Not okay (indicated a previous abnormal result)
- Hormone Receptor Status: Unknown

**Comparison with Similar Cases:**
- The closest matching case is the 45-year-old with symptoms of pain in the breast and an irregular lump, but the key difference is the patient's age and family history.
- Another case to consider is the 52-year-old with a family history of breast cancer, nipple discharge, and high breast density, who was diagnosed with breast cancer.
- The patient's symptoms of lumps and deep pain, combined with a family history and a previous abnormal result from a biopsy or mammogram, suggest a higher risk profile.

**Assessment:**
Given the patient's age, symptoms, family history, and the abnormal result from the previous biopsy or mammogram, the patient's risk for breast cancer is considered higher than average. The fact that the patient does not know their hormone receptor status adds complexity to the assessment but does not necessarily elevate the risk on its own.

**Recommendations:**
1. **Further Imaging and Testing:** Given the patient's symptoms and history, it is crucial to undergo additional diagnostic tests. This should include a mammogram (if not already done recently) and an ultrasound to further evaluate the lumps and pain. Considering the patient's age and symptoms, a biopsy might also be recommended to obtain a definitive diagnosis.
2. **Hormone Receptor Status:** Efforts should be made to determine the patient's hormone receptor status (ER, PR, HER2) through additional testing. This information is crucial for guiding treatment decisions if cancer is diagnosed.
3. **Follow-up and Monitoring:** After the completion of the recommended tests, the patient should be followed up with to discuss the results and plan the next steps, which may include surgery, chemotherapy, radiation, or hormone therapy, depending on the diagnosis and staging.
4. **Family History Consideration:** Given the patient's positive family history, discussing genetic counseling and possibly testing for BRCA1 and BRCA2 genes could be beneficial for the patient and her family members.

In summary, while the patient's risk cannot be definitively determined without further testing, the current information suggests a higher than average risk for breast cancer, necessitating immediate and thorough diagnostic evaluation."
70,lumps deep pain,no,its was not ok,medium,pr,tell me the status of my cancer,"Based on the patient's responses, here is a summary of their risk:

* Age: 70, which is considered a higher risk age for breast cancer
* Symptoms: Lumps and deep pain, which are concerning symptoms that require further evaluation
* Family History: No, which reduces their risk slightly
* Density: Medium, which is a moderate risk factor
* Hormone Receptor Status: PR, which is a common subtype of breast cancer
* Previous biopsy or mammogram results: Not OK, indicating an abnormal result that requires further investigation

Comparing the patient's profile with the similar past cases, the most relevant case is the 50-year-old patient who had breast pain and a medium density, with no family history, and was ultimately found to have no cancer. However, the patient's age, symptoms, and previous abnormal results heighten their risk.

Based on this assessment, I would recommend that the patient undergoes further testing, including:

* A follow-up mammogram to confirm the previous abnormal result
* An ultrasound to evaluate the lumps and pain
* A physical examination by a breast specialist to assess the size, location, and consistency of the lumps
* A discussion with a breast specialist about the patient's hormone receptor status and its implications for treatment

It is also important for the patient to be aware of the importance of regular breast cancer screening and to continue to monitor their breast health."
70,lumps deep pain,no,its was not ok,medium,pr,tell me the status of my cancer,"Based on the patient's responses, here is a summary of their risk and recommended next steps:

**Summary of Risk:**
The patient is 70 years old with symptoms of lumps and deep pain in her breasts. She has no family history of breast cancer, a moderate breast density, and a hormone receptor status of PR positive. While she has had a previous mammogram that was not okay, she does not provide specific information about the status of her cancer.

**Comparison with Similar Cases:**
Based on the provided case examples, the patient's risk profile is not as high as some of the cases, particularly those with a family history of breast cancer or high breast density. However, her age and symptoms of lumps and deep pain do warrant further investigation.

**Recommended Next Steps:**
Given the patient's symptoms and previous mammogram results, I recommend that she undergo additional diagnostic testing, including:

1. A follow-up mammogram to further evaluate the breast tissue and any suspicious areas.
2. An ultrasound of the breast to assess the lumps and determine if they are solid or cystic.
3. A clinical breast exam by a breast specialist to further evaluate the patient's symptoms and determine the best course of action.

It is also essential for the patient to discuss her hormone receptor status (PR positive) with her healthcare provider to determine the best treatment options, if cancer is diagnosed.

By undergoing these additional tests, we can better assess the patient's risk and determine the best course of action to ensure her breast health."
69,low chest pain,no,bad results,medium,er,no tel the status does i need treatment or not,"**Summary of Patient's Risk:**
The patient is 69 years old with a medium breast density and a hormone receptor status of ER positive. She is experiencing low chest pain, but no specific breast symptoms such as lumps, nipple discharge, or breast tenderness. She has no family history of breast cancer and has had a previous bad biopsy or mammogram result.

**Comparison with Similar Cases:**
While the patient's age and breast density are similar to cases with breast cancer (e.g., 52-year-old with medium density and 45-year-old with medium density), her symptoms are less alarming compared to cases with noticeable breast abnormalities (e.g., lump, nipple discharge). However, her previous bad biopsy or mammogram result is a concerning factor.

**Assessment and Recommendation:**
Based on the patient's symptoms and medical history, her risk of breast cancer is moderate. Given her previous bad biopsy or mammogram result, it is essential to further investigate and monitor her condition.

**Recommended Next Steps:**
1. **Schedule a follow-up mammogram:** To re-evaluate the patient's breast health and assess any changes since the previous bad result.
2. **Clinical breast exam:** Perform a thorough physical examination to check for any breast abnormalities.
3. **Discuss treatment options:** Depending on the results of the follow-up mammogram and clinical breast exam, the patient may need to undergo further testing, such as an ultrasound or biopsy, to determine the best course of treatment.
4. ** Regular monitoring:** Schedule regular follow-up appointments to monitor the patient's condition and adjust the treatment plan as needed.

It is crucial for the patient to undergo further evaluation to determine the best course of action and rule out any potential breast cancer."
69,low chest pain,no,bad results,medium,er,no tel the status does i need treatment or not,"Based on the patient's responses, here is a summary of their risk and recommended next steps:

**Patient's Risk:**
The patient is 69 years old with medium breast density and an estrogen receptor (ER) positive status. They are experiencing low chest pain and have had a biopsy or mammogram with bad results, but no specific details are provided. They do not have a family history of breast cancer.

**Comparison with Similar Cases:**
While the patient's age and breast density are similar to cases with no cancer (e.g., 50-year-old with medium density and no cancer), the presence of bad biopsy or mammogram results and low chest pain is a concern. However, the lack of a family history and specific symptoms (e.g., no lump, no discharge) are similar to cases with no cancer (e.g., 45-year-old with medium density and no cancer).

**Recommendation:**
Given the patient's age, breast density, and abnormal biopsy or mammogram results, it is recommended that they undergo further evaluation and testing to determine the cause of their symptoms and the extent of any potential cancer.

**Next Steps:**
1. Schedule a follow-up appointment with a breast specialist or oncologist to discuss the biopsy or mammogram results in more detail.
2. Consider additional imaging tests, such as an ultrasound or MRI, to further evaluate the breast tissue.
3. Discuss treatment options, if necessary, based on the final diagnosis and staging of any cancer.

It is essential for the patient to undergo a thorough evaluation to determine the best course of action and to rule out any potential cancer."
60,pain,yes,good,low,er,yes please tell the next procedure about my health,"**Detailed Summary of Possible Diagnosis and Risk Level**

Based on the patient's responses, we can assess their risk level and possible diagnosis as follows:

* Age: 60, which is considered post-menopausal, increases the risk of breast cancer.
* Symptom: Breast pain is a common symptom, but it can also be associated with breast cancer. However, pain alone is not a definitive indicator of cancer.
* Family History: Yes, having a family history of breast cancer increases the risk, as it may indicate a genetic predisposition.
* Previous Biopsy or Mammogram: The results were good, but this information is not sufficient to rule out the possibility of cancer.
* Breast Density: Low density is associated with a lower risk of breast cancer.
* Hormone Receptor Status: ER positive, which means that the cancer cells have estrogen receptors and may respond to hormone therapy.

Comparing the patient's profile with the similar past cases, we can see that:

* The 50-year-old patient with breast pain and no family history had a medium density and no cancer.
* The 52-year-old patient with a family history and high density had breast cancer.
* The 45-year-old patient with pain and medium density had no cancer.

Given the patient's age, family history, and low density, their risk level is moderate. However, the presence of breast pain and ER positive status warrant further investigation.

**Personalized Recommendation**

Based on the patient's additional information, I recommend the next procedure to be a:

* Follow-up mammogram to ensure that the previous good results are confirmed and to monitor any changes in breast tissue.
* Clinical breast exam to assess the breast for any palpable abnormalities.
* Consideration of a 3D mammogram, which may provide more detailed imaging of the breast tissue.
* Discussion with a genetic counselor to further assess the patient's family history and potential genetic predisposition to breast cancer.

It is essential to note that these recommendations are not definitive diagnoses, and further testing and evaluation may be necessary to rule out breast cancer."
60,lumps ,yes,its was not ok,medium,pr,no,"Based on the patient's responses and comparing them with the similar past cases, here is a summary of their risk:

**Patient's Risk:** Moderate to High

The patient is 60 years old, which is considered post-menopausal, a stage when the risk of breast cancer increases. She has a family history of breast cancer, which is a significant risk factor. She is also experiencing a lump in her breast, which is a common symptom of breast cancer. Although her breast density is medium, which is not as high-risk as high density, the combination of her age, family history, and symptoms suggests a moderate to high risk.

**Comparison with Past Cases:**

* The patient's age and family history are similar to the 52-year-old woman who was diagnosed with breast cancer, despite having a high density breast.
* The patient's symptoms of a lump in the breast are similar to the 52-year-old woman who was diagnosed with breast cancer.
* The patient's medium density breast is not as high-risk as the high density breast of the 38-year-old woman who was diagnosed with breast cancer, but it is still a potential risk factor.

**Recommendations:**

Based on the patient's risk, I recommend the following next steps:

1. **Urgent Mammogram and Ultrasound:** Given the patient's symptoms and family history, I recommend an urgent mammogram and ultrasound to further evaluate the lump in her breast.
2. **Biopsy:** If the mammogram and ultrasound results are suspicious, a biopsy may be necessary to determine if the lump is cancerous.
3. **Genetic Counseling:** Given the patient's family history, I recommend genetic counseling to discuss the potential benefits of genetic testing for BRCA1 and BRCA2 genes.
4. **Regular Follow-up:** I recommend regular follow-up appointments to monitor the patient's breast health and address any concerns or symptoms that may arise.

Overall, while the patient's risk is moderate to high, further testing and evaluation are necessary to determine the cause of the lump in her breast and to develop an appropriate treatment plan."
